feature,importance
team1_OREB,0.0
team1_DREB,0.014196676202118397
team1_REB,0.0
team1_AST,0.015381496399641037
team1_STL,0.014461688697338104
team1_BLK,0.017336634919047356
team1_TOV,0.021856844425201416
team1_PF,0.013317214325070381
team1_PTS,0.021927092224359512
team1_NET_RATING,0.10560974478721619
team1_PACE,0.021776989102363586
team1_TM_TOV_PCT,0.023874618113040924
team1_EFG_PCT,0.01733158342540264
team1_TS_PCT,0.0
team1_AST_PCT,0.01498814020305872
team1_AST_TO,0.0
team1_OREB_PCT,0.01746223494410515
team1_DREB_PCT,0.018691299483180046
team1_REB_PCT,0.03037097118794918
team1_PIE,0.16631105542182922
team2_OREB,0.01847519539296627
team2_DREB,0.03434291109442711
team2_REB,0.014022872783243656
team2_AST,0.014031931757926941
team2_STL,0.01485693734139204
team2_BLK,0.01805177703499794
team2_TOV,0.0
team2_PF,0.013979815877974033
team2_PTS,0.0
team2_NET_RATING,0.14526712894439697
team2_PACE,0.018522296100854874
team2_TM_TOV_PCT,0.0
team2_EFG_PCT,0.0
team2_TS_PCT,0.0
team2_AST_PCT,0.01508386805653572
team2_AST_TO,0.013710380531847477
team2_OREB_PCT,0.0
team2_DREB_PCT,0.01943272538483143
team2_REB_PCT,0.031147170811891556
team2_PIE,0.09418071806430817
