,GAME_ID,prediction
0,22400924,-17.583939
1,22501052,-3.6133845
2,22400662,-9.143149
3,22500239,1.0260289
4,22300031,-2.4652898
5,22501028,7.877109
6,22300939,-3.7954338
7,22401212,3.384187
8,22300315,3.0306969
9,22401067,5.485981
10,22500977,8.425783
11,22500066,-7.536804
12,22401083,8.904966
13,22300487,2.7748933
14,22500961,17.457285
15,22300482,4.6664915
16,22400495,-12.837351
17,22300942,-6.17529
18,22300025,-0.047615167
19,22400404,7.9074936
20,22301042,6.6887913
21,22500595,9.0813675
22,22300573,8.6757345
23,22300867,9.083861
24,22500528,5.116769
25,22300470,3.413235
26,22300562,-4.733851
27,22300619,9.480165
28,22300430,-6.41158
29,22300537,-2.460656
30,22500898,19.809027
31,22400481,21.595272
32,22300927,-4.558414
33,22500266,-7.2030077
34,22500426,-13.067757
35,22300326,-3.7793212
36,22400809,3.7845414
37,22400801,-9.326666
38,22500655,-2.1267376
39,22300357,-16.67934
